<?xml version="1.0"?>
<!--<!DOCTYPE metadata SYSTEM "http://www.esri.com/metadata/esriprof80.dtd">-->
<metadata xml:lang="en"><Esri><MetaID>{17425488-D6F8-49BF-97AD-2D0D1F1A46FF}</MetaID><CreaDate>20061219</CreaDate><CreaTime>11323800</CreaTime><SyncOnce>TRUE</SyncOnce><DataProperties><lineage><Process ToolSource="M:\Program Files\ArcGIS\ArcToolbox\Toolboxes\Data Management Tools.tbx\CreateFeatureclass" Date="20061219" Time="113238">CreateFeatureclass G:\OREP\NA\GIS_maps SBBASIN.shp POLYGON # ENABLED ENABLED "PROJCS['NAD_1927_UTM_Zone_10N',GEOGCS['GCS_North_American_1927',DATUM['D_North_American_1927',SPHEROID['Clarke_1866',6378206.4,294.9786982]],PRIMEM['Greenwich',0.0],UNIT['Degree',0.0174532925199433]],PROJECTION['Transverse_Mercator'],PARAMETER['False_Easting',500000.0],PARAMETER['False_Northing',0.0],PARAMETER['Central_Meridian',-123.0],PARAMETER['Scale_Factor',0.9996],PARAMETER['Latitude_Of_Origin',0.0],UNIT['Meter',1.0]];-10000 -10000 100000;0 100000;0 100000" # 0 0 0 G:\OREP\NA\GIS_maps\SBBASIN.shp</Process><Process ToolSource="M:\Program Files\ArcGIS\ArcToolbox\Toolboxes\Data Management Tools.tbx\AddField" Date="20061219" Time="113239">AddField G:\OREP\NA\GIS_maps\SBBASIN.shp File_ID LONG # # # # NON_NULLABLE NON_REQUIRED # G:\OREP\NA\GIS_maps\SBBASIN.shp</Process><Process Name="CreateFeaturesFromTextFile_6" ToolSource="M:\Program Files\ArcGIS\ArcToolbox\Toolboxes\Samples.tbx\CreateFeaturesFromTextFile" Date="20061219" Time="113240">CreateFeaturesFromTextFile G:\OREP\NA\GIS_maps\polygons\SBBASFinal.txt . G:\OREP\NA\GIS_maps\SBBASIN.shp "PROJCS['NAD_1927_UTM_Zone_10N',GEOGCS['GCS_North_American_1927',DATUM['D_North_American_1927',SPHEROID['Clarke_1866',6378206.4,294.9786982]],PRIMEM['Greenwich',0.0],UNIT['Degree',0.0174532925199433]],PROJECTION['Transverse_Mercator'],PARAMETER['False_Easting',500000.0],PARAMETER['False_Northing',0.0],PARAMETER['Central_Meridian',-123.0],PARAMETER['Scale_Factor',0.9996],PARAMETER['Latitude_Of_Origin',0.0],UNIT['Meter',1.0]];-10000 -10000 100000;0 100000;0 100000"</Process></lineage></DataProperties></Esri></metadata>
